{
  "platform": "Linux-6.8.0-110-generic-x86_64-with-glibc2.39",
  "machine": "x86_64",
  "python_version": "3.12.3",
  "iters_gate": 5000,
  "iters_prove": 200,
  "gate_no_chain": {
    "n": 5000,
    "p50_ms": 0.06935582496225834,
    "p95_ms": 0.08185184560716152,
    "p99_ms": 0.10785902850329876,
    "mean_ms": 0.07143041929230094
  },
  "gate_chain_3": {
    "n": 5000,
    "p50_ms": 0.26840995997190475,
    "p95_ms": 0.2973389346152544,
    "p99_ms": 0.33599301241338253,
    "mean_ms": 0.2710135203786194
  },
  "prove_cold": {
    "n": 200,
    "p50_ms": 0.6657568737864494,
    "p95_ms": 0.7426331285387278,
    "p99_ms": 0.9038150310516357,
    "mean_ms": 0.7924062281381339
  },
  "prove_cached": {
    "n": 200,
    "p50_ms": 0.6575561128556728,
    "p95_ms": 0.7663758005946875,
    "p99_ms": 0.8384049870073795,
    "mean_ms": 0.6669298186898232
  }
}